ID_REGIAO;NOME_REGIAO;CD_SUBDIST;POP_2010;POP_2022;JOVENS_2010;JOVENS_2022;VAR_JOV_ABS;VAR_JOV_PCT;PCT_JOV_2010;PCT_JOV_2022;ADULTOS_2010;ADULTOS_2022;VAR_ADU_ABS;VAR_ADU_PCT;PCT_ADU_2010;PCT_ADU_2022;IDOSOS_2010;IDOSOS_2022;VAR_IDO_ABS;VAR_IDO_PCT;PCT_IDO_2010;PCT_IDO_2022;INDICE_ENV_2010;INDICE_ENV_2022;VAR_INDICE_ENV;PERFIL_ETARIO_2010;PERFIL_ETARIO_2022
Setor 01;Centro e Vila Vergueiro;43141000501;25314;26929;3066;2752;-314;-10.24;12.11;10.22;18535;18512;-23;-0.12;73.22;68.74;3713;5655;1942;52.3;14.67;21.0;121.1;205.49;84.39;Envelhecido;Altamente Envelhecido
Setor 02;Boqueirão;43141000502;19500;15825;3798;2530;-1268;-33.39;19.48;15.99;13226;10021;-3205;-24.23;67.83;63.32;2476;3260;784;31.66;12.7;20.6;65.19;128.85;63.66;Em Transição;Envelhecimento Moderado
Setor 03;Vera Cruz;43141000503;19797;20464;4416;3865;-551;-12.48;22.31;18.89;13118;13049;-69;-0.53;66.26;63.77;2263;3550;1287;56.87;11.43;17.35;51.25;91.85;40.6;Em Transição;Envelhecimento Moderado
Setor 04;Petrópolis;43141000504;12084;13771;2808;2656;-152;-5.41;23.24;19.29;8028;8980;952;11.86;66.43;65.21;1248;2133;885;70.91;10.33;15.49;44.44;80.31;35.87;Jovem;Equilibrado / Em Transição
Setor 05;São Luiz Gonzaga;43141000505;10757;14684;2841;3515;674;23.72;26.41;23.94;7163;9629;2466;34.43;66.59;65.57;753;1540;787;104.52;7.0;10.49;26.5;43.81;17.31;Jovem;População Jovem
Setor 06;Vila Cruzeiro;43141000506;2478;2103;509;364;-145;-28.49;20.54;17.31;1636;1278;-358;-21.88;66.02;60.77;333;452;119;35.74;13.44;21.49;65.42;124.18;58.76;Em Transição;Envelhecimento Moderado
Setor 07;Lucas Araújo;43141000507;8532;8394;1463;1292;-171;-11.69;17.15;15.39;5622;5063;-559;-9.94;65.89;60.32;1447;2028;581;40.15;16.96;24.16;98.91;156.97;58.06;Em Transição;Altamente Envelhecido
Setor 08;Santa Marta;43141000508;5355;9499;1595;2262;667;41.82;29.79;23.81;3330;6275;2945;88.44;62.18;66.06;430;962;532;123.72;8.03;10.13;26.96;42.53;15.57;Jovem;População Jovem
Setor 09;Integração;43141000509;7829;12014;2486;3051;565;22.73;31.75;25.4;4779;7635;2856;59.76;61.04;63.55;564;1324;760;134.75;7.2;11.02;22.69;43.4;20.71;Jovem;População Jovem
Setor 10;Victor Issler;43141000510;3806;5121;1016;1196;180;17.72;26.69;23.35;2428;3299;871;35.87;63.79;64.42;362;626;264;72.93;9.51;12.22;35.63;52.34;16.71;Jovem;População Jovem
Setor 11;São José;43141000511;8240;9969;1764;1986;222;12.59;21.41;19.92;5217;6461;1244;23.85;63.31;64.81;773;1522;749;96.9;9.38;15.27;43.82;76.64;32.82;Jovem;Equilibrado / Em Transição
Setor 12;São Cristóvão;43141000512;11154;11907;2373;2087;-286;-12.05;21.27;17.53;7469;7522;53;0.71;66.96;63.17;1312;2298;986;75.15;11.76;19.3;55.29;110.11;54.82;Em Transição;Envelhecimento Moderado
Setor 13;Roselândia;43141000513;1469;2879;368;568;200;54.35;25.05;19.73;972;1809;837;86.11;66.17;62.83;129;491;362;280.62;8.78;17.05;35.05;86.44;51.39;Jovem;Equilibrado / Em Transição
Setor 14;Vila Mattos;43141000514;1484;2451;356;479;123;34.55;23.99;19.54;995;1635;640;64.32;67.05;66.71;133;337;204;153.38;8.96;13.75;37.36;70.35;32.99;Jovem;Equilibrado / Em Transição
Setor 15;Annes;43141000515;5875;5653;1101;934;-167;-15.17;18.74;16.52;3870;3501;-369;-9.53;65.87;61.93;904;1216;312;34.51;15.39;21.51;82.11;130.19;48.08;Em Transição;Altamente Envelhecido
Setor 16;José Alexandre Zachia;43141000516;3342;4187;1077;1091;14;1.3;32.23;26.06;2037;2649;612;30.04;60.95;63.27;228;447;219;96.05;6.82;10.68;21.17;40.97;19.8;Jovem;População Jovem
Setor 17;Valinhos;43141000517;4122;5252;1138;1271;133;11.69;27.61;24.2;2671;3359;688;25.76;64.8;63.96;313;620;307;98.08;7.59;11.81;27.5;48.78;21.28;Jovem;População Jovem
Setor 18;Vila Luiza;43141000518;7980;7377;1711;1407;-304;-17.77;21.44;19.07;5269;4533;-736;-13.97;66.03;61.45;1000;1437;437;43.7;12.53;19.48;58.45;102.13;43.68;Em Transição;Envelhecimento Moderado
Setor 19;Vila Rodrigues;43141000519;5195;4817;926;733;-193;-20.84;17.82;15.22;3384;2979;-405;-11.97;65.14;61.84;885;1101;216;24.41;17.04;22.86;95.57;150.2;54.63;Em Transição;Altamente Envelhecido
Setor 20;Vila Santa Maria;43141000520;4516;4561;873;754;-119;-13.63;19.33;16.53;2987;2815;-172;-5.76;66.14;61.72;656;984;328;50.0;14.53;21.57;75.14;130.5;55.36;Em Transição;Altamente Envelhecido
Setor 21;Planaltina;43141000521;6384;7140;1400;1362;-38;-2.71;21.93;19.08;4169;4454;285;6.84;65.3;62.38;815;1324;509;62.45;12.77;18.54;58.21;97.21;39.0;Em Transição;Envelhecimento Moderado
Setor 22;Nenê Graeff;43141000522;4335;4990;1049;1066;17;1.62;24.2;21.36;2936;3169;233;7.94;67.73;63.51;350;755;405;115.71;8.07;15.13;33.37;70.83;37.46;Jovem;Equilibrado / Em Transição
Setor 23;Alviverde;UNIDADE MUNICIPAL ESPECÍFICA SEPLAN;2875;2835;;475;;;;16.75;;1722;;;;60.74;;638;;;;22.5;;134.32;;N/D;Altamente Envelhecido
